ligand,affinity
ligand_rNaV1.4_STX.N21.1,0.022276395
ligand_rNaV1.4_STX.N21.2,-0.352182518
ligand_rNaV1.4_STX.N7.1,-2.267171728
ligand_rNaV1.4_STX.N9.1,-2.642958879
ligand_rNaV1.4_STX.C10.1,-2.031408464
ligand_rNaV1.4_STX.C13.1,-1.243038049
ligand_rNaV1.4_STX.C13.2,-1.618048097
ligand_rNaV1.4_STX.C13.3,-2.227886705
ligand_rNaV1.4_STX,-0.161368002
ligand_rNaV1.4.Y401A_STX,-2.689752696
ligand_rNaV1.4.E403D_STX,-2.391816924
ligand_rNaV1.4.W756A_STX,-1.33243846
ligand_rNaV1.4.I757A_STX,-0.875061263
ligand_rNaV1.4.E758D_STX,-3.691700208
ligand_rNaV1.4.W1239A_STX,-2.975891136
ligand_rNaV1.4.M1240A_STX,-1.311753861
ligand_rNaV1.4.D1241A_STX,-1.06069784
ligand_rNaV1.4.L1534A_STX,-0.342422681
ligand_rNaV1.4.Y401A_STX.N7.1,-4.397940009
ligand_rNaV1.4.E403D_STX.N7.1,-4.397940009
ligand_rNaV1.4.W756A_STX.N7.1,-3.27600199
ligand_rNaV1.4.I757A_STX.N7.1,-3.23299611
ligand_rNaV1.4.E758D_STX.N7.1,-4.397940009
ligand_rNaV1.4.W1239A_STX.N7.1,-4.397940009
ligand_rNaV1.4.M1240A_STX.N7.1,-3.622317661
ligand_rNaV1.4.D1241A_STX.N7.1,-2.96449534
ligand_rNaV1.4.L1534A_STX.N7.1,-2.592731766
ligand_rNaV1.4.Y401A_STX.N9.1,-4.397940009
ligand_rNaV1.4.E403D_STX.N9.1,-4.397940009
ligand_rNaV1.4.W756A_STX.N9.1,-4.397940009
ligand_rNaV1.4.I757A_STX.N9.1,-3.258158193
ligand_rNaV1.4.E758D_STX.N9.1,-4.397940009
ligand_rNaV1.4.W1239A_STX.N9.1,-4.397940009
ligand_rNaV1.4.M1240A_STX.N9.1,-3.681467374
ligand_rNaV1.4.D1241A_STX.N9.1,-3.395413767
ligand_rNaV1.4.L1534A_STX.N9.1,-2.756255649
ligand_rNaV1.4.Y401A_STX.C10.1,-3.31386722
ligand_rNaV1.4.E403D_STX.C10.1,-3.297979244
ligand_rNaV1.4.W756A_STX.C10.1,-2.717670503
ligand_rNaV1.4.I757A_STX.C10.1,-2.573451822
ligand_rNaV1.4.E758D_STX.C10.1,-4.397940009
ligand_rNaV1.4.W1239A_STX.C10.1,-4.31874139
ligand_rNaV1.4.M1240A_STX.C10.1,-2.790285164
ligand_rNaV1.4.D1241A_STX.C10.1,-2.739572344
ligand_rNaV1.4.L1534A_STX.C10.1,-2.098643726
ligand_rNaV1.4.Y401A_STX.N21.1,-2.537819095
ligand_rNaV1.4.E403D_STX.N21.1,-2.008600172
ligand_rNaV1.4.W756A_STX.N21.1,-0.929418926
ligand_rNaV1.4.I757A_STX.N21.1,-0.498310554
ligand_rNaV1.4.E758D_STX.N21.1,-3.451632947
ligand_rNaV1.4.W1239A_STX.N21.1,-3.173623258
ligand_rNaV1.4.M1240A_STX.N21.1,-1.255272505
ligand_rNaV1.4.D1241A_STX.N21.1,-1.021189299
ligand_rNaV1.4.L1534A_STX.N21.1,-0.021189299
ligand_rNaV1.4.Y401A_STX.N21.2,-2.66133934
ligand_rNaV1.4.E403D_STX.N21.2,-2.286680969
ligand_rNaV1.4.W756A_STX.N21.2,-1.290034611
ligand_rNaV1.4.I757A_STX.N21.2,-0.812913357
ligand_rNaV1.4.E758D_STX.N21.2,-3.579154557
ligand_rNaV1.4.W1239A_STX.N21.2,-3.533772058
ligand_rNaV1.4.M1240A_STX.N21.2,-1.591064607
ligand_rNaV1.4.D1241A_STX.N21.2,-1.06069784
ligand_rNaV1.4.L1534A_STX.N21.2,-0.361727836
ligand_rNaV1.4.Y401A_STX.C13.1,-3.178833117
ligand_rNaV1.4.E403D_STX.C13.1,-3.515807635
ligand_rNaV1.4.W756A_STX.C13.1,-2.646893624
ligand_rNaV1.4.I757A_STX.C13.1,-2.115610512
ligand_rNaV1.4.E758D_STX.C13.1,-4.397940009
ligand_rNaV1.4.W1239A_STX.C13.1,-3.362105319
ligand_rNaV1.4.M1240A_STX.C13.1,-2.525692525
ligand_rNaV1.4.D1241A_STX.C13.1,-1.707570176
ligand_rNaV1.4.L1534A_STX.C13.1,-1.322219295
ligand_rNaV1.4.Y401A_STX.C13.2,-3.871018039
ligand_rNaV1.4.E403D_STX.C13.2,-3.565906822
ligand_rNaV1.4.W756A_STX.C13.2,-2.736794755
ligand_rNaV1.4.I757A_STX.C13.2,-2.206825876
ligand_rNaV1.4.E758D_STX.C13.2,-4.397940009
ligand_rNaV1.4.W1239A_STX.C13.2,-4.017513303
ligand_rNaV1.4.M1240A_STX.C13.2,-2.2955671
ligand_rNaV1.4.D1241A_STX.C13.2,-2.564073979
ligand_rNaV1.4.L1534A_STX.C13.2,-1.736396502
ligand_rNaV1.4.M1240T_STX,-1.62324929
ligand_rNaV1.4.D1241I_STX,-1.498310554
ligand_rNaV1.4.M1240T.D1241I_STX,-2.727541257
ligand_rNaV1.4.M1240A.D1241A_STX,-2.593286067
ligand_rNaV1.4.M1240T.D1241A_STX,-2.738384124
ligand_rNaV1.4.M1240S_STX,-1.959041392
ligand_rNaV1.4.M1240I_STX,0.096910013
ligand_rNaV1.4.M1240V_STX,-0.217483944
ligand_rNaV1.4.M1240N_STX,-0.84509804
ligand_rNaV1.4.D1241T_STX,-1.380211242
ligand_rNaV1.4.D1241N_STX,-1.06069784
ligand_rNaV1.4.D1241E_STX,0.187086643
ligand_rNaV1.4.M1240T_STX.C10.1,-3.075911761
ligand_rNaV1.4.D1241I_STX.C10.1,-2.971971276
ligand_rNaV1.4.M1240T.D1241I_STX.C10.1,-4.013953149
ligand_rNaV1.4.M1240A.D1241A_STX.C10.1,-3.726564216
ligand_rNaV1.4.M1240T_STX.N21.2,-1.342422681
ligand_rNaV1.4.D1241I_STX.N21.2,-0.389166084
ligand_rNaV1.4.M1240T.D1241I_STX.N21.2,-1.916453949
ligand_rNaV1.4.M1240A.D1241A_STX.N21.2,-2.198657087
ligand_rNaV1.4.M1240T.D1241A_STX.N21.2,-1.525044807
ligand_rNaV1.4.M1240T_STX.C13.1,-2.080987047
ligand_rNaV1.4.D1241I_STX.C13.1,-1.602059991
ligand_rNaV1.4.M1240T.D1241I_STX.C13.1,-2.239299479
ligand_rNaV1.4.M1240A.D1241A_STX.C13.1,-2.693726949
ligand_rNaV1.4.M1240S_STX.C13.1,-2.565257343
ligand_rNaV1.4.M1240I_STX.C13.1,-1.58546073
ligand_rNaV1.4.M1240V_STX.C13.1,-1.602059991
ligand_rNaV1.4.M1240N_STX.C13.1,-2.42894429
ligand_rNaV1.4.D1241T_STX.C13.1,-2.066325925
ligand_rNaV1.4.D1241N_STX.C13.1,-1.788875116
ligand_rNaV1.4.D1241E_STX.C13.1,-0.556302501
ligand_rNaV1.4.M1240T_STX.C13.2,-1.079181246
ligand_rNaV1.4.D1241I_STX.C13.2,-1.819543936
ligand_rNaV1.4.M1240T.D1241I_STX.C13.2,-1.113943352
ligand_rNaV1.4.M1240A.D1241A_STX.C13.2,-3.302330929
ligand_rNaV1.4.M1240T.D1241A_STX.C13.2,-1.894869657
ligand_rNaV1.4.M1240S_STX.C13.2,-2.359835482
ligand_rNaV1.4.M1240I_STX.C13.2,-0.662757832
ligand_rNaV1.4.M1240V_STX.C13.2,-1.096910013
ligand_rNaV1.4.M1240N_STX.C13.2,-2.337459261
ligand_rNaV1.4.D1241T_STX.C13.2,-2.10720997
ligand_rNaV1.4.D1241N_STX.C13.2,-1.877946952
ligand_rNaV1.4.D1241E_STX.C13.2,-1.698970004
ligand_rNaV1.4.M1240T.D1241I_STX.C13.3,-3.311117843
ligand_rNaV1.4.M1240A.D1241A_STX.C13.3,-3.284543523
ligand_rNaV1.4.M1240T.D1241A_STX.C13.3,-3.034828916
ligand_rNaV1.4_GTX.2,-1.041392685
ligand_rNaV1.4_GTX.3,-0.875061263
ligand_rNaV1.4_STX.C11.1,-3.041392685
ligand_rNaV1.4_STX.C11.3,-2.45484486
ligand_rNaV1.4_STX.C11.4,-4.217483944
ligand_hNaV1.7_GTX.3,-2.878808932
ligand_hNaV1.7_TTX,-0.968482949
ligand_rNaV1.4_TTX,-0.931966115
ligand_rNaV1.4.M1240T_TTX,-2.367355921
ligand_rNaV1.4.D1241I_TTX,-0.638489257
ligand_rNaV1.4.M1240T.D1241I_TTX,-1.653212514
ligand_hNaV1.7.T1398M.I1399D_TTX,-0.397940009
ligand_hNaV1.7.T1398M.I1399D_STX,-0.06069784
ligand_rNaV1.4_STX.C10.1.C13.2,-2.77815125
ligand_rNaV1.4.E403D_STX.C10.1.C13.2,-4.157607853
ligand_rNaV1.4.M1240T.D1241I_STX.C10.1.C13.2,-2.798305282
ligand_rNaV1.4.E403D.M1240T.D1241I_STX.C10.1.C13.2,-3.861832998
ligand_rNaV1.4_STX.C12.1,-5.108903128
ligand_rNaV1.4_STX.C11.6,-0.740362689
ligand_rNaV1.4.Y401S_STX.C11.6,-4.710117365
ligand_rNaV1.4_STX.N21.3,-1.431363764
ligand_hNaV1.7_STX,-2.545307116
ligand_hNaV1.7_STX.C13.2,-0.977723605
ligand_rNaV1.2_STX,0.22184875
ligand_rNaV1.2_STX.C13.2,-1.204119983
ligand_hNaV1.5_STX,-2.10720997
ligand_hNaV1.5_STX.C13.2,-3.358505911
ligand_rNaV1.4.E758Q_STX,-4.648360011
ligand_rNaV1.4.E758Q_TTX,-3.491361694
ligand_rNaV1.4.D1532N_STX,-4.767155866
ligand_rNaV1.4.D1532N_TTX,-2.875061263
ligand_hNaV1.6_TTX.C4.1,-0.591064607
ligand_rNaV1.4.E403D.M1240T.D1241I_STX,-4.243534102
ligand_rNaV1.4.E403D.M1240T.D1241I_STX.C10.1,-4.812579155
ligand_rNaV1.4.E403D.M1240T.D1241I_STX.C13.2,-3.190611798
ligand_rNaV1.4.Y401S_STX,-4.008600172
ligand_rNaV1.4.Y401S_STX.C10.1,-4.802089258
ligand_rNaV1.4.Y401S_GTX.3,-0.875061263
ligand_rNaV1.4.Y401S_GTX.2,-1.041392685
ligand_rNaV1.4.M1240C_STX,-0.45484486
ligand_rNaV1.4.M1240C_STX.N21.3,-1.662757832
ligand_rNaV1.4.T759C_STX,-0.190331698
ligand_rNaV1.4.T759C_STX.N21.3,-1.161368002
ligand_rNaV1.4.1242C_STX,0.045757491
ligand_rNaV1.4.1242C_STX.N21.3,-0.977723605
ligand_rNaV1.4.A1245C_STX,0.22184875
ligand_rNaV1.4.A1245C_STX.N21.3,-0.77815125
ligand_rNaV1.4.K1252C_STX,0
ligand_rNaV1.4.K1252C_STX.N21.3,-1.021189299
ligand_rNaV1.4_STX.N21.4,-1.113943352
ligand_rNaV1.4_STX.N21.5,-1.829303773
ligand_rNaV1.4_STX.N21.6,-0.977723605
ligand_rNaV1.4_STX.N21.7,-1.954242509
ligand_rNaV1.2_STX.N21.7,-1.799340549
ligand_rNaV1.4_STX.N21.3,-1.431363764
ligand_rNaV1.4_STX.N21.3,-1.431363764
ligand_rNaV1.2_STX.N21.8,-2.209515015
ligand_rNaV1.2_STX.N21.9,-1.662757832
ligand_rNaV1.2_STX.N21.9,-1.602059991
ligand_rNaV1.2_STX.N21.10,-2.108903128
ligand_rNaV1.4.M1240C_STX.N21.9,-2.127104798
ligand_rNaV1.4.M1240C_STX.N21.11,-4.397940009
ligand_rNaV1.2_STX.N21.12,-1.278753601
ligand_rNaV1.2_STX.N21.13,-1.079181246
ligand_rNaV1.2_STX.N21.14,-1.278753601
ligand_rNaV1.2_STX.N21.15,-0.698970004
ligand_rNaV1.2_STX.N21.16,-1.51851394
ligand_rNaV1.2_STX.N21.17,-2.469822016
ligand_rNaV1.4_STX.N21.18,-0.977723605
ligand_rNaV1.5_STX.N21.19,-2.021189299
ligand_rNaV1.6_STX.N21.20,-2.423245874
ligand_rNaV1.7_STX.N21.17,-2.382917135
ligand_rNaV1.9_STX.N21.14,-1.662757832
ligand_hNaV1.5_STX.N21.14,-2.235528447
ligand_hNaV1.5_STX,-2.10720997
ligand_rNaV1.8_STX,-3.736396502
ligand_rNaV1.2_ZTX,1.488116639
ligand_rNaV1.4_ZTX,2.515700161
ligand_rNaV1.2_STX.N21.3,-1.278753601
ligand_rNaV1.2_STX.N21.21,-1.447158031
ligand_rNaV1.4_TTX,-0.931966115
ligand_rNaV1.4_STX.N21.22,-1.799340549
ligand_rNaV1.4_STX.N21.23,-0.653212514
ligand_rNaV1.5_ZTX,0.301029996
ligand_rNaV1.6_TTX.C4.1,-0.591064607
ligand_rNaV1.4_STX.2,-3.278753601
ligand_rNaV1.4_STX.N21.4,-1.113943352
ligand_rNaV1.4_STX.N21.24,-1.618048097
ligand_hNaV1.5_STX,-2.10720997
ligand_hNaV1.5_STX.N21.3,-3.352182518
ligand_hNaV1.5_STX.N21.25,-2.84509804
ligand_hNaV1.7_STX,-2.545307116
ligand_hNaV1.7_TTX,-0.968482949
ligand_hNaV1.7.T1398M.I1399D_TTX,-0.397940009
ligand_hNaV1.7.T1398M.I1399D_STX,-0.06069784
ligand_rNaV1.4.M1240T.D1241I_TTX,-1.653212514
ligand_rNaV1.4.M1240T.D1241I_STX,-2.760799312
ligand_rNaV1.4_STX.N21.4,-1.113943352
ligand_rNaV1.4_STX.N21.24,-1.618048097
ligand_rNaV1.4_STX.N21.23,-0.653212514
ligand_rNaV1.4_STX.N21.3,-1.431363764
ligand_rNaV1.4_STX.N21.26,-1.230448921
ligand_rNaV1.4_STX.N21.27,-1.243038049
ligand_rNaV1.4_STX.N21.28,-1.662757832
ligand_rNaV1.4_STX.N21.29,-1.633468456
ligand_rNaV1.4_STX.N21.25,-1.361727836
ligand_hNaV1.7_STX,-2.545307116
ligand_hNaV1.7_TTX,-0.968482949
ligand_rNaV1.4.Y401C.S_TTX,-4.397940009
ligand_rNaV1.5.C374Y_TTX,0.187086643
ligand_rNaV1.5_TTX,-2.67669361
ligand_rNaV1.4_GTX.3,-0.872156273
ligand_rNaV1.4_STX,-0.146128036
ligand_rNaV1.4_TTX,-0.931966115
ligand_hNaV1.7.T1398M.I1399D_GTX.3,-1.041392685
ligand_rNaV1.4.M1240T_STX,-1.562292864
ligand_rNaV1.4.M1240T_GTX.3,-2.056904851
ligand_rNaV1.4.M1240T_TTX,-2.367355921
ligand_rNaV1.4.D1241I_STX,-1.423245874
ligand_rNaV1.4.D1241I_GTX.3,-1.278753601
ligand_rNaV1.4.D1241I_TTX,-0.638489257
ligand_rNaV1.4.M1240T.D1241I_GTX.3,-2.733999287
ligand_rNaV1.4_GTX.3.1,-2.975431809
ligand_rNaV1.4_GTX.3.2,-3.618048097
ligand_rNaV1.4.D400A_STX,-2.943395577
ligand_rNaV1.4.D400A_TTX,-3.157275396
ligand_rNaV1.4.E403Q_STX,-4.740432171
ligand_rNaV1.4.E403Q_TTX,-4.587200622
ligand_rNaV1.4.E755A_STX,-4.399635654
ligand_rNaV1.4.E755A_TTX,-4.738959628
ligand_rNaV1.4.E758Q_STX,-4.609916543
ligand_rNaV1.4.K1237A_STX,-3.101334573
ligand_rNaV1.4.M1240E_STX,-2.993700695
ligand_rNaV1.4.M1240K_STX,-4.672001748
ligand_rNaV1.4.D1532N_STX,-4.728736766
ligand_rNaV1.4.E758Q_TTX,-3.172515363
ligand_rNaV1.4.K1237A_TTX,-3.738824144
ligand_rNaV1.4.M1240E_TTX,-4.318108224
ligand_rNaV1.4.M1240K_TTX,-4.756612529
ligand_rNaV1.4.D1532N_TTX,-2.56543457
ligand_rNaV1.4_STX.C11.1,-3.053078443
ligand_rNaV1.4_STX.C11.7,-0.929418926
ligand_rNaV1.2_ZTX,2.522878745
ligand_rNaV1.4_ZTX,1.488116639
ligand_hNaV1.5_ZTX,0.853871964
ligand_rNaV1.2_STX,0.22184875
ligand_rNaV1.4_STX,-0.176091259
ligand_hNaV1.5_STX,-2.113943352
ligand_rNaV1.4_STX.C10.1,-2.031408464
ligand_rNaV1.4_STX.C11.3.N21.30,-2.698970004
ligand_rNaV1.4_STX.C11.4.N21.31,-4.33243846
ligand_rNaV1.4_STX.N21.25,-1.361727836
ligand_rNaV1.4_STX.N21.24,-1.618048097
ligand_rNaV1.4_STX.N21.32,-2.301029996
ligand_rNaV1.4_GTX.5,-1.954242509
ligand_rNaV1.4_STX.N21.33,-1.638489257
ligand_rNaV1.4_STX.N21.34,-1.792391689
ligand_rNaV1.4_STX.N21.35,-1.591064607
ligand_rNaV1.4_STX.N21.36,-2.716003344
ligand_rNaV1.4_STX.N21.37,-2.021189299
ligand_rNaV1.4_STX.N21.38,-2.423245874
ligand_rNaV1.5_STX.C12.1,-5.108903128
ligand_rNaV1.6_STX.C13.4,-0.484299839
ligand_rNaV1.7_STX.C12.2,-3.875061263
ligand_rNaV1.4.E758D_STX,-5.309630167
ligand_rNaV1.4.M1240T.D1241I_STX.C13.4,-0.612783857
