ID,Translation from hNaV1.7
hNaV1.6,Y362F/T1409M/I1410D
K1252C,T1409M/I1410D/V1421C
rNaV1.4 D1532N,D1701N/T1409M/I1410D
mNaV1.6,-
mNaV1.1,-
mNaV1.3,-
rNaV1.8,Y362S/N365R/T931N/T1409M/I1410D
rNaV1.4,T1409M/I1410D
rNaV1.4 M1240C,T1398C/I1399D
rNaV1.2,Y362F/T1409M/I1410D
hNaV1.7,-
rNaV1.4 E758Q,E927Q/T1409M/I1410D
rNaV1.6,T1409M/I1410D
rNaV1.4 A1245C,A1414C/T1409M/I1410D
rNaV1.7,-
rNaV1.5,Y362C/N365R/T1409M/I1410D
mNaV1.5,-
rNaV1.9,Y362S/N365R/T931N/F1405Y/T1409L/I1410E/G1702T
mNaV1.7,-
mNaV1.9,-
rNaV1.4 T759C,T1409M/I1410D/T931C
hNaV1.5,Y362C/T1490M/I1410D
mNaV1.4,-
mNaV1.8,-
I1242C,T1409M/I1410D/M1412C
mNaV1.2,-
rNaV1.4 D1241T,T1409M/I1410T
rNaV1.4 Y401A,T1409M/I1410D/Y362A
rNaV1.4 D1241E,T1409M/I1410E
rNaV1.4 E758Q,T1409M/I1410D/E937Q
rNaV1.4 M1240V,T1409V/I1410D
rNaV1.4 M1240S,T1409S/I1410D
rNaV1.4 M1240A/D1241A,T1409A/I1410A
rNaV1.4 I757A,T1409M/I1410D/I929A
rNaV1.4 M1240I,T1409I/I1410D
rNaV1.4 L1534A,T1409M/I1410D/L1703A
rNaV1.4 M1240T,I1410D
rNaV1.4 D1241I,T1409M
rNaV1.4 M1240T/D1241I,-
rNaV1.4 M1240C,T1409C/I1410D
rNaV1.4 W756A,T1409M/I1410D/W928A
rNaV1.4 E758D,T1409M/I1410D/E930D
rNaV1.4 E755A,T1409M/I1410D/E927A
rNaV1.4 M1240K,T1409K/I1410D
rNaV1.5 C374Y,-
rNaV1.4 E403D,T1409M/I1410D/E364D
rNaV1.4 M1240A,T1409A/I1410D
rNaV1.4 D1241A,T1409M/I1410A
mNaV1.4 Y401D,-
rNaV1.4 D400A,T1409M/I1410D/D361A
rNaV1.4 E758D,T1409M/I1410D/E930D
rNaV1.4 W1239A,T1409M/I1410D/W1408A
rNaV1.4 K1237A,T1409M/I1410D/K1406A
rNaV1.4 E403D/M1240T/D1241I,E362D
rNaV1.4 M1240T,I1410D
rNaV1.4 Y401C/S,T1409M/I1410D/Y362C
rNaV1.4 M1240T/D1241I,-
hNaV1.7 T1398M/I1399D,T1409M/I1410D
rNaV1.4 D1532N,D1701N/T1409M/I1410D
rNaV1.4 M1240E,T1409E/I1410D
rNaV1.4 D1241N,T1409M/I1410N
rNaV1.4 M1240N,T1409N/I1410D
rNaV1.4 L1534A,T1409M/I1410D/L1703A
rNaV1.4 I757A,T1409M/I1410D/I929A
rNaV1.4 E403Q,T1409M/I1410D/E364Q
rNaV1.4 D1241A,T1409M/I1410A
rNaV1.4 Y401S,T1409M/I1410D/Y362S
rNaV1.4 E403D,T1409M/I1410D/E364D
rNaV1.4 M1240T/D1241A,I1410A 
